open_time,equity
2024-04-01T00:00:00+00:00,10000.00000000
2024-04-01T00:01:00+00:00,10000.00000000
2024-04-01T00:02:00+00:00,10000.00000000
2024-04-01T00:03:00+00:00,10000.00000000
2024-04-01T00:04:00+00:00,10000.00000000
2024-04-01T00:05:00+00:00,10000.00000000
2024-04-01T00:06:00+00:00,10000.00000000
2024-04-01T00:07:00+00:00,10000.00000000
2024-04-01T00:08:00+00:00,10000.00000000
2024-04-01T00:09:00+00:00,10000.00000000
2024-04-01T00:10:00+00:00,10000.00000000
2024-04-01T00:11:00+00:00,10000.00000000
2024-04-01T00:12:00+00:00,10000.00000000
2024-04-01T00:13:00+00:00,10000.00000000
2024-04-01T00:14:00+00:00,10000.00000000
2024-04-01T00:15:00+00:00,10000.00000000
2024-04-01T00:16:00+00:00,10000.00000000
2024-04-01T00:17:00+00:00,10000.00000000
2024-04-01T00:18:00+00:00,10000.00000000
2024-04-01T00:19:00+00:00,10000.00000000
2024-04-01T00:20:00+00:00,9994.00280792
2024-04-01T00:21:00+00:00,9998.46319600
2024-04-01T00:22:00+00:00,9989.56403385
2024-04-01T00:23:00+00:00,9990.49457407
2024-04-01T00:24:00+00:00,9990.49457407
2024-04-01T00:25:00+00:00,9990.09737515
2024-04-01T00:26:00+00:00,9982.11550148
2024-04-01T00:27:00+00:00,9974.69925029
2024-04-01T00:28:00+00:00,9961.42168932
2024-04-01T00:29:00+00:00,9961.42168932
2024-04-01T00:30:00+00:00,9960.58080283
2024-04-01T00:31:00+00:00,9955.84180611
2024-04-01T00:32:00+00:00,9959.17778731
2024-04-01T00:33:00+00:00,9959.97346821
2024-04-01T00:34:00+00:00,9961.26245307
2024-04-01T00:35:00+00:00,9966.21511800
2024-04-01T00:36:00+00:00,9971.17691872
2024-04-01T00:37:00+00:00,9970.40599920
2024-04-01T00:38:00+00:00,9968.91494285
2024-04-01T00:39:00+00:00,9970.07149936
2024-04-01T00:40:00+00:00,9976.28662534
2024-04-01T00:41:00+00:00,9984.53647405
2024-04-01T00:42:00+00:00,9986.41051124
2024-04-01T00:43:00+00:00,9982.46947081
2024-04-01T00:44:00+00:00,9983.62917603
2024-04-01T00:45:00+00:00,9983.08578982
2024-04-01T00:46:00+00:00,9976.77981772
2024-04-01T00:47:00+00:00,9973.39041960
2024-04-01T00:48:00+00:00,9963.74049754
2024-04-01T00:49:00+00:00,9965.18750100
2024-04-01T00:50:00+00:00,9970.02486989
2024-04-01T00:51:00+00:00,9955.76961243
2024-04-01T00:52:00+00:00,9955.76540577
2024-04-01T00:53:00+00:00,9963.33599201
2024-04-01T00:54:00+00:00,9962.49465996
2024-04-01T00:55:00+00:00,9963.05274355
2024-04-01T00:56:00+00:00,9963.05554799
2024-04-01T00:57:00+00:00,9973.04917054
2024-04-01T00:58:00+00:00,9974.57478599
2024-04-01T00:59:00+00:00,9977.19693755
2024-04-01T01:00:00+00:00,9972.80097758
2024-04-01T01:01:00+00:00,9979.89200455
2024-04-01T01:02:00+00:00,9972.58784013
2024-04-01T01:03:00+00:00,9972.93278627
2024-04-01T01:04:00+00:00,9971.74791030
2024-04-01T01:05:00+00:00,9973.92836253
2024-04-01T01:06:00+00:00,9973.43057440
2024-04-01T01:07:00+00:00,9964.17592184
2024-04-01T01:08:00+00:00,9962.77510397
2024-04-01T01:09:00+00:00,9966.97895979
2024-04-01T01:10:00+00:00,9964.16750852
2024-04-01T01:11:00+00:00,9953.28331917
2024-04-01T01:12:00+00:00,9959.20606815
2024-04-01T01:13:00+00:00,9958.21169030
2024-04-01T01:14:00+00:00,9952.55370232
2024-04-01T01:15:00+00:00,9953.16017727
2024-04-01T01:16:00+00:00,9960.59705475
2024-04-01T01:17:00+00:00,9958.07323658
2024-04-01T01:18:00+00:00,9963.38473171
2024-04-01T01:19:00+00:00,9965.92961526
2024-04-01T01:20:00+00:00,9966.21049600
2024-04-01T01:21:00+00:00,9967.20767884
2024-04-01T01:22:00+00:00,9964.21693637
2024-04-01T01:23:00+00:00,9959.75106306
2024-04-01T01:24:00+00:00,9954.61871803
2024-04-01T01:25:00+00:00,9958.25347866
2024-04-01T01:26:00+00:00,9958.38108269
2024-04-01T01:27:00+00:00,9958.90413239
2024-04-01T01:28:00+00:00,9940.97928103
2024-04-01T01:29:00+00:00,9932.00212571
2024-04-01T01:30:00+00:00,9928.96015673
2024-04-01T01:31:00+00:00,9920.90170688
2024-04-01T01:32:00+00:00,9919.16831863
2024-04-01T01:33:00+00:00,9915.77117103
2024-04-01T01:34:00+00:00,9906.33342951
2024-04-01T01:35:00+00:00,9898.68369092
2024-04-01T01:36:00+00:00,9892.85684504
2024-04-01T01:37:00+00:00,9901.87375316
2024-04-01T01:38:00+00:00,9885.15136050
2024-04-01T01:39:00+00:00,9872.30749261
2024-04-01T01:40:00+00:00,9857.57515637
2024-04-01T01:41:00+00:00,9861.27008270
2024-04-01T01:42:00+00:00,9858.58730306
2024-04-01T01:43:00+00:00,9862.38734759
2024-04-01T01:44:00+00:00,9859.57027738
2024-04-01T01:45:00+00:00,9854.27476062
2024-04-01T01:46:00+00:00,9864.27747736
2024-04-01T01:47:00+00:00,9859.93671216
2024-04-01T01:48:00+00:00,9852.55304668
2024-04-01T01:49:00+00:00,9854.56957158
2024-04-01T01:50:00+00:00,9854.09547336
2024-04-01T01:51:00+00:00,9862.91340799
2024-04-01T01:52:00+00:00,9860.96366460
2024-04-01T01:53:00+00:00,9862.90846090
2024-04-01T01:54:00+00:00,9862.17173712
2024-04-01T01:55:00+00:00,9861.87374971
2024-04-01T01:56:00+00:00,9862.21349052
2024-04-01T01:57:00+00:00,9862.90276630
2024-04-01T01:58:00+00:00,9862.90415897
2024-04-01T01:59:00+00:00,9863.01418001
2024-04-01T02:00:00+00:00,9860.93348257
2024-04-01T02:01:00+00:00,9857.40725541
2024-04-01T02:02:00+00:00,9857.33909054
2024-04-01T02:03:00+00:00,9859.69561468
2024-04-01T02:04:00+00:00,9844.08013973
2024-04-01T02:05:00+00:00,9844.08152982
2024-04-01T02:06:00+00:00,9841.87822830
2024-04-01T02:07:00+00:00,9823.50765456
2024-04-01T02:08:00+00:00,9828.23033079
2024-04-01T02:09:00+00:00,9826.06658009
2024-04-01T02:10:00+00:00,9824.51141861
2024-04-01T02:11:00+00:00,9826.74010153
2024-04-01T02:12:00+00:00,9814.94939924
2024-04-01T02:13:00+00:00,9803.17145996
2024-04-01T02:14:00+00:00,9803.17284412
2024-04-01T02:15:00+00:00,9801.22671362
2024-04-01T02:16:00+00:00,9803.06553348
2024-04-01T02:17:00+00:00,9802.47727785
2024-04-01T02:18:00+00:00,9802.48834957
2024-04-01T02:19:00+00:00,9802.48834957
2024-04-01T02:20:00+00:00,9799.93908067
2024-04-01T02:21:00+00:00,9792.69832931
2024-04-01T02:22:00+00:00,9788.31316785
2024-04-01T02:23:00+00:00,9788.32145738
2024-04-01T02:24:00+00:00,9787.22862098
2024-04-01T02:25:00+00:00,9788.40573427
2024-04-01T02:26:00+00:00,9786.57651127
2024-04-01T02:27:00+00:00,9786.57098492
2024-04-01T02:28:00+00:00,9784.61051103
2024-04-01T02:29:00+00:00,9786.05012610
2024-04-01T02:30:00+00:00,9774.30548602
2024-04-01T02:31:00+00:00,9775.67023686
2024-04-01T02:32:00+00:00,9776.33002766
2024-04-01T02:33:00+00:00,9778.70725177
2024-04-01T02:34:00+00:00,9783.39219174
2024-04-01T02:35:00+00:00,9782.85163526
2024-04-01T02:36:00+00:00,9781.51905502
2024-04-01T02:37:00+00:00,9781.51629109
2024-04-01T02:38:00+00:00,9781.20811238
2024-04-01T02:39:00+00:00,9774.89153781
2024-04-01T02:40:00+00:00,9775.10959307
2024-04-01T02:41:00+00:00,9777.86990940
2024-04-01T02:42:00+00:00,9775.85788296
2024-04-01T02:43:00+00:00,9774.88196162
2024-04-01T02:44:00+00:00,9766.23015522
2024-04-01T02:45:00+00:00,9766.84218167
2024-04-01T02:46:00+00:00,9770.36684752
2024-04-01T02:47:00+00:00,9770.64667043
2024-04-01T02:48:00+00:00,9770.88789707
2024-04-01T02:49:00+00:00,9769.38539970
2024-04-01T02:50:00+00:00,9770.42612035
2024-04-01T02:51:00+00:00,9769.10557679
2024-04-01T02:52:00+00:00,9768.36397717
2024-04-01T02:53:00+00:00,9768.36535561
2024-04-01T02:54:00+00:00,9770.42474191
2024-04-01T02:55:00+00:00,9768.21510587
2024-04-01T02:56:00+00:00,9767.03240611
2024-04-01T02:57:00+00:00,9767.03240611
2024-04-01T02:58:00+00:00,9767.03240611
2024-04-01T02:59:00+00:00,9768.57349974
2024-04-01T03:00:00+00:00,9767.23641492
2024-04-01T03:01:00+00:00,9754.59190928
2024-04-01T03:02:00+00:00,9753.37368633
2024-04-01T03:03:00+00:00,9756.51550373
2024-04-01T03:04:00+00:00,9756.51688079
2024-04-01T03:05:00+00:00,9759.26963693
2024-04-01T03:06:00+00:00,9760.64885866
2024-04-01T03:07:00+00:00,9762.44056207
2024-04-01T03:08:00+00:00,9773.40016211
2024-04-01T03:09:00+00:00,9770.84514259
2024-04-01T03:10:00+00:00,9773.16403680
2024-04-01T03:11:00+00:00,9774.92994139
2024-04-01T03:12:00+00:00,9774.84838737
2024-04-01T03:13:00+00:00,9774.92994003
2024-04-01T03:14:00+00:00,9776.38685409
2024-04-01T03:15:00+00:00,9776.38685409
2024-04-01T03:16:00+00:00,9776.09925592
2024-04-01T03:17:00+00:00,9770.59096889
2024-04-01T03:18:00+00:00,9765.35542727
2024-04-01T03:19:00+00:00,9768.22906271
2024-04-01T03:20:00+00:00,9766.79346969
2024-04-01T03:21:00+00:00,9767.83258877
2024-04-01T03:22:00+00:00,9755.14754157
2024-04-01T03:23:00+00:00,9754.09428385
2024-04-01T03:24:00+00:00,9757.27335754
2024-04-01T03:25:00+00:00,9754.40998545
2024-04-01T03:26:00+00:00,9747.59827551
2024-04-01T03:27:00+00:00,9744.56257722
2024-04-01T03:28:00+00:00,9742.77078731
2024-04-01T03:29:00+00:00,9743.59036462
2024-04-01T03:30:00+00:00,9747.18800359
2024-04-01T03:31:00+00:00,9739.15880342
2024-04-01T03:32:00+00:00,9741.60330598
2024-04-01T03:33:00+00:00,9745.25741697
2024-04-01T03:34:00+00:00,9744.28971059
2024-04-01T03:35:00+00:00,9749.94987575
2024-04-01T03:36:00+00:00,9748.29172078
2024-04-01T03:37:00+00:00,9747.44911198
2024-04-01T03:38:00+00:00,9750.07179643
2024-04-01T03:39:00+00:00,9751.32788037
2024-04-01T03:40:00+00:00,9754.43088930
2024-04-01T03:41:00+00:00,9751.60528434
2024-04-01T03:42:00+00:00,9746.29876708
2024-04-01T03:43:00+00:00,9748.44170962
2024-04-01T03:44:00+00:00,9749.60896665
2024-04-01T03:45:00+00:00,9740.19129870
2024-04-01T03:46:00+00:00,9739.78448386
2024-04-01T03:47:00+00:00,9732.56458520
2024-04-01T03:48:00+00:00,9731.47241526
2024-04-01T03:49:00+00:00,9727.26074355
2024-04-01T03:50:00+00:00,9726.58726171
2024-04-01T03:51:00+00:00,9725.77192173
2024-04-01T03:52:00+00:00,9724.63843388
2024-04-01T03:53:00+00:00,9724.63705662
2024-04-01T03:54:00+00:00,9726.58037539
2024-04-01T03:55:00+00:00,9724.63843388
2024-04-01T03:56:00+00:00,9725.72234024
2024-04-01T03:57:00+00:00,9725.72371751
2024-04-01T03:58:00+00:00,9723.75698526
2024-04-01T03:59:00+00:00,9721.82881639
2024-04-01T04:00:00+00:00,9723.20332534
2024-04-01T04:01:00+00:00,9716.76142663
2024-04-01T04:02:00+00:00,9713.92599413
2024-04-01T04:03:00+00:00,9707.95014911
2024-04-01T04:04:00+00:00,9708.92061409
2024-04-01T04:05:00+00:00,9707.22127337
2024-04-01T04:06:00+00:00,9708.78258033
2024-04-01T04:07:00+00:00,9705.89955738
2024-04-01T04:08:00+00:00,9694.64223015
2024-04-01T04:09:00+00:00,9694.64497488
2024-04-01T04:10:00+00:00,9694.64497488
2024-04-01T04:11:00+00:00,9692.71542684
2024-04-01T04:12:00+00:00,9693.68294559
2024-04-01T04:13:00+00:00,9691.82201590
2024-04-01T04:14:00+00:00,9691.82064354
2024-04-01T04:15:00+00:00,9691.82064354
2024-04-01T04:16:00+00:00,9691.26071779
2024-04-01T04:17:00+00:00,9686.24883340
2024-04-01T04:18:00+00:00,9677.05425097
2024-04-01T04:19:00+00:00,9678.57102892
2024-04-01T04:20:00+00:00,9675.77247816
2024-04-01T04:21:00+00:00,9679.16033160
2024-04-01T04:22:00+00:00,9673.33205033
2024-04-01T04:23:00+00:00,9679.15194650
2024-04-01T04:24:00+00:00,9681.14409713
2024-04-01T04:25:00+00:00,9681.48449435
2024-04-01T04:26:00+00:00,9682.02532474
2024-04-01T04:27:00+00:00,9676.78801895
2024-04-01T04:28:00+00:00,9671.12851963
2024-04-01T04:29:00+00:00,9671.73942002
2024-04-01T04:30:00+00:00,9674.61622027
2024-04-01T04:31:00+00:00,9679.89897539
2024-04-01T04:32:00+00:00,9666.21079302
2024-04-01T04:33:00+00:00,9654.70168922
2024-04-01T04:34:00+00:00,9652.81664218
2024-04-01T04:35:00+00:00,9653.24358848
2024-04-01T04:36:00+00:00,9657.46689889
2024-04-01T04:37:00+00:00,9653.61519931
2024-04-01T04:38:00+00:00,9654.45280976
2024-04-01T04:39:00+00:00,9653.74920438
2024-04-01T04:40:00+00:00,9654.54030290
2024-04-01T04:41:00+00:00,9654.94276153
2024-04-01T04:42:00+00:00,9656.23511738
2024-04-01T04:43:00+00:00,9659.57779245
2024-04-01T04:44:00+00:00,9659.38183440
2024-04-01T04:45:00+00:00,9658.01703514
2024-04-01T04:46:00+00:00,9660.09516315
2024-04-01T04:47:00+00:00,9664.51497039
2024-04-01T04:48:00+00:00,9663.54789544
2024-04-01T04:49:00+00:00,9659.00698137
2024-04-01T04:50:00+00:00,9659.65096349
2024-04-01T04:51:00+00:00,9660.03603393
2024-04-01T04:52:00+00:00,9661.28178816
2024-04-01T04:53:00+00:00,9657.47364960
2024-04-01T04:54:00+00:00,9658.65573521
2024-04-01T04:55:00+00:00,9663.75926584
2024-04-01T04:56:00+00:00,9665.81792332
2024-04-01T04:57:00+00:00,9667.62636225
2024-04-01T04:58:00+00:00,9667.75950658
2024-04-01T04:59:00+00:00,9667.87755532
2024-04-01T05:00:00+00:00,9666.22895067
2024-04-01T05:01:00+00:00,9665.13117048
2024-04-01T05:02:00+00:00,9665.65661339
2024-04-01T05:03:00+00:00,9662.67100483
2024-04-01T05:04:00+00:00,9662.65317903
2024-04-01T05:05:00+00:00,9667.64027100
2024-04-01T05:06:00+00:00,9667.87361750
2024-04-01T05:07:00+00:00,9669.25042832
2024-04-01T05:08:00+00:00,9670.75670122
2024-04-01T05:09:00+00:00,9669.07689649
2024-04-01T05:10:00+00:00,9659.28578703
2024-04-01T05:11:00+00:00,9665.38616962
2024-04-01T05:12:00+00:00,9665.33129008
2024-04-01T05:13:00+00:00,9661.10149748
2024-04-01T05:14:00+00:00,9645.42543679
2024-04-01T05:15:00+00:00,9643.72908754
2024-04-01T05:16:00+00:00,9642.09708729
2024-04-01T05:17:00+00:00,9646.19077919
2024-04-01T05:18:00+00:00,9645.44871197
2024-04-01T05:19:00+00:00,9635.56575218
2024-04-01T05:20:00+00:00,9635.18545788
2024-04-01T05:21:00+00:00,9639.36562920
2024-04-01T05:22:00+00:00,9635.45563812
2024-04-01T05:23:00+00:00,9643.66324394
2024-04-01T05:24:00+00:00,9642.44507681
2024-04-01T05:25:00+00:00,9643.11496798
2024-04-01T05:26:00+00:00,9647.09377021
2024-04-01T05:27:00+00:00,9643.66155134
2024-04-01T05:28:00+00:00,9643.99726668
2024-04-01T05:29:00+00:00,9643.66152796
2024-04-01T05:30:00+00:00,9645.37573159
2024-04-01T05:31:00+00:00,9650.11716939
2024-04-01T05:32:00+00:00,9646.78570515
2024-04-01T05:33:00+00:00,9652.29089327
2024-04-01T05:34:00+00:00,9651.68277784
2024-04-01T05:35:00+00:00,9656.30414731
2024-04-01T05:36:00+00:00,9658.19733070
2024-04-01T05:37:00+00:00,9660.70286544
2024-04-01T05:38:00+00:00,9666.68049131
2024-04-01T05:39:00+00:00,9665.62034145
2024-04-01T05:40:00+00:00,9671.67701204
2024-04-01T05:41:00+00:00,9674.98617163
2024-04-01T05:42:00+00:00,9680.50153516
2024-04-01T05:43:00+00:00,9668.07332317
2024-04-01T05:44:00+00:00,9673.85763972
2024-04-01T05:45:00+00:00,9688.05997152
2024-04-01T05:46:00+00:00,9697.05034607
2024-04-01T05:47:00+00:00,9721.27842428
2024-04-01T05:48:00+00:00,9757.76430614
2024-04-01T05:49:00+00:00,9752.56507354
2024-04-01T05:50:00+00:00,9798.55576073
2024-04-01T05:51:00+00:00,9779.88160250
2024-04-01T05:52:00+00:00,9805.87945562
2024-04-01T05:53:00+00:00,9824.79568226
2024-04-01T05:54:00+00:00,9802.32450204
2024-04-01T05:55:00+00:00,9796.65978523
2024-04-01T05:56:00+00:00,9818.52174524
2024-04-01T05:57:00+00:00,9801.39316760
2024-04-01T05:58:00+00:00,9790.35173682
2024-04-01T05:59:00+00:00,9811.61091544
2024-04-01T06:00:00+00:00,9810.68461569
2024-04-01T06:01:00+00:00,9821.18258849
2024-04-01T06:02:00+00:00,9839.37238776
2024-04-01T06:03:00+00:00,9810.49851601
2024-04-01T06:04:00+00:00,9788.99820144
2024-04-01T06:05:00+00:00,9803.66348152
2024-04-01T06:06:00+00:00,9805.55419002
2024-04-01T06:07:00+00:00,9802.26719678
2024-04-01T06:08:00+00:00,9794.48564194
2024-04-01T06:09:00+00:00,9792.73144370
2024-04-01T06:10:00+00:00,9777.23143695
2024-04-01T06:11:00+00:00,9783.38738789
2024-04-01T06:12:00+00:00,9771.45952699
2024-04-01T06:13:00+00:00,9781.74815417
2024-04-01T06:14:00+00:00,9780.63980061
2024-04-01T06:15:00+00:00,9796.14969077
2024-04-01T06:16:00+00:00,9807.14427562
2024-04-01T06:17:00+00:00,9808.07755167
2024-04-01T06:18:00+00:00,9811.39978850
2024-04-01T06:19:00+00:00,9790.50344127
2024-04-01T06:20:00+00:00,9789.89772958
2024-04-01T06:21:00+00:00,9799.68512681
2024-04-01T06:22:00+00:00,9800.08752269
2024-04-01T06:23:00+00:00,9802.92970829
2024-04-01T06:24:00+00:00,9797.27922305
2024-04-01T06:25:00+00:00,9784.85577986
2024-04-01T06:26:00+00:00,9788.59876746
2024-04-01T06:27:00+00:00,9793.44304904
2024-04-01T06:28:00+00:00,9793.04771274
2024-04-01T06:29:00+00:00,9780.45415351
2024-04-01T06:30:00+00:00,9782.70870883
2024-04-01T06:31:00+00:00,9762.86257634
2024-04-01T06:32:00+00:00,9743.36061395
2024-04-01T06:33:00+00:00,9745.06834574
2024-04-01T06:34:00+00:00,9750.98857618
2024-04-01T06:35:00+00:00,9757.66935767
2024-04-01T06:36:00+00:00,9758.20679504
2024-04-01T06:37:00+00:00,9762.97497304
2024-04-01T06:38:00+00:00,9768.17253966
2024-04-01T06:39:00+00:00,9765.09806113
2024-04-01T06:40:00+00:00,9754.13742593
2024-04-01T06:41:00+00:00,9759.36446039
2024-04-01T06:42:00+00:00,9763.74534671
2024-04-01T06:43:00+00:00,9769.29231778
2024-04-01T06:44:00+00:00,9772.10018246
2024-04-01T06:45:00+00:00,9762.42069691
2024-04-01T06:46:00+00:00,9766.56724370
2024-04-01T06:47:00+00:00,9765.92596726
2024-04-01T06:48:00+00:00,9764.23928393
2024-04-01T06:49:00+00:00,9761.11709556
2024-04-01T06:50:00+00:00,9758.06506873
2024-04-01T06:51:00+00:00,9755.54065666
2024-04-01T06:52:00+00:00,9765.64391789
2024-04-01T06:53:00+00:00,9751.40376240
2024-04-01T06:54:00+00:00,9750.00013832
2024-04-01T06:55:00+00:00,9743.04985770
2024-04-01T06:56:00+00:00,9729.17368718
2024-04-01T06:57:00+00:00,9728.70019030
2024-04-01T06:58:00+00:00,9721.63125898
2024-04-01T06:59:00+00:00,9723.44144174
2024-04-01T07:00:00+00:00,9724.30882099
2024-04-01T07:01:00+00:00,9710.68356411
2024-04-01T07:02:00+00:00,9715.99399226
2024-04-01T07:03:00+00:00,9690.02696290
2024-04-01T07:04:00+00:00,9685.45208819
2024-04-01T07:05:00+00:00,9677.00941209
2024-04-01T07:06:00+00:00,9680.76390297
2024-04-01T07:07:00+00:00,9681.95479139
2024-04-01T07:08:00+00:00,9685.58991584
2024-04-01T07:09:00+00:00,9679.34954947
2024-04-01T07:10:00+00:00,9676.73181572
2024-04-01T07:11:00+00:00,9675.15923229
2024-04-01T07:12:00+00:00,9676.34873273
2024-04-01T07:13:00+00:00,9677.28562047
2024-04-01T07:14:00+00:00,9674.51798468
2024-04-01T07:15:00+00:00,9672.29166180
2024-04-01T07:16:00+00:00,9672.76773957
2024-04-01T07:17:00+00:00,9675.35077378
2024-04-01T07:18:00+00:00,9673.38677947
2024-04-01T07:19:00+00:00,9672.74553186
2024-04-01T07:20:00+00:00,9674.94687107
2024-04-01T07:21:00+00:00,9673.49920600
2024-04-01T07:22:00+00:00,9657.14148743
2024-04-01T07:23:00+00:00,9666.61457269
2024-04-01T07:24:00+00:00,9667.54292644
2024-04-01T07:25:00+00:00,9666.17164139
2024-04-01T07:26:00+00:00,9665.62772311
2024-04-01T07:27:00+00:00,9660.56929735
2024-04-01T07:28:00+00:00,9659.01011587
2024-04-01T07:29:00+00:00,9660.58680554
2024-04-01T07:30:00+00:00,9663.36007987
2024-04-01T07:31:00+00:00,9656.72400516
2024-04-01T07:32:00+00:00,9655.10762140
2024-04-01T07:33:00+00:00,9643.25691059
2024-04-01T07:34:00+00:00,9631.08875087
2024-04-01T07:35:00+00:00,9627.39134313
2024-04-01T07:36:00+00:00,9629.25452318
2024-04-01T07:37:00+00:00,9620.66785598
2024-04-01T07:38:00+00:00,9627.04738221
2024-04-01T07:39:00+00:00,9632.23296154
2024-04-01T07:40:00+00:00,9640.32825160
2024-04-01T07:41:00+00:00,9644.48456968
2024-04-01T07:42:00+00:00,9642.69105342
2024-04-01T07:43:00+00:00,9644.37020310
2024-04-01T07:44:00+00:00,9639.16871285
2024-04-01T07:45:00+00:00,9634.77923118
2024-04-01T07:46:00+00:00,9634.77923118
2024-04-01T07:47:00+00:00,9627.57944860
2024-04-01T07:48:00+00:00,9628.83037580
2024-04-01T07:49:00+00:00,9624.97983691
2024-04-01T07:50:00+00:00,9615.66795526
2024-04-01T07:51:00+00:00,9611.24972007
2024-04-01T07:52:00+00:00,9612.76478011
2024-04-01T07:53:00+00:00,9616.62970102
2024-04-01T07:54:00+00:00,9617.45898251
2024-04-01T07:55:00+00:00,9615.24848508
2024-04-01T07:56:00+00:00,9608.63493067
2024-04-01T07:57:00+00:00,9603.67028039
2024-04-01T07:58:00+00:00,9603.67028039
2024-04-01T07:59:00+00:00,9602.96104463
2024-04-01T08:00:00+00:00,9600.53667261
2024-04-01T08:01:00+00:00,9591.99427622
2024-04-01T08:02:00+00:00,9595.27086732
2024-04-01T08:03:00+00:00,9597.17799847
2024-04-01T08:04:00+00:00,9599.96390357
2024-04-01T08:05:00+00:00,9589.53624701
2024-04-01T08:06:00+00:00,9597.99093505
2024-04-01T08:07:00+00:00,9609.11437390
2024-04-01T08:08:00+00:00,9611.42560154
2024-04-01T08:09:00+00:00,9607.02246362
2024-04-01T08:10:00+00:00,9606.28789601
2024-04-01T08:11:00+00:00,9595.60302387
2024-04-01T08:12:00+00:00,9606.54016960
2024-04-01T08:13:00+00:00,9606.69924118
2024-04-01T08:14:00+00:00,9603.21891641
2024-04-01T08:15:00+00:00,9606.06225614
2024-04-01T08:16:00+00:00,9592.82051606
2024-04-01T08:17:00+00:00,9598.98178629
2024-04-01T08:18:00+00:00,9598.96245147
2024-04-01T08:19:00+00:00,9605.11780591
2024-04-01T08:20:00+00:00,9588.89431821
2024-04-01T08:21:00+00:00,9587.24244340
2024-04-01T08:22:00+00:00,9581.96899384
2024-04-01T08:23:00+00:00,9583.20526216
2024-04-01T08:24:00+00:00,9584.86049306
2024-04-01T08:25:00+00:00,9585.20326359
2024-04-01T08:26:00+00:00,9588.19028009
2024-04-01T08:27:00+00:00,9579.42419329
2024-04-01T08:28:00+00:00,9579.17983185
2024-04-01T08:29:00+00:00,9580.70666783
2024-04-01T08:30:00+00:00,9585.64491946
2024-04-01T08:31:00+00:00,9585.62280158
2024-04-01T08:32:00+00:00,9595.57994628
2024-04-01T08:33:00+00:00,9582.30938881
2024-04-01T08:34:00+00:00,9572.11044313
2024-04-01T08:35:00+00:00,9570.73334967
2024-04-01T08:36:00+00:00,9575.78261778
2024-04-01T08:37:00+00:00,9583.27622581
2024-04-01T08:38:00+00:00,9576.59812958
2024-04-01T08:39:00+00:00,9587.77777679
2024-04-01T08:40:00+00:00,9584.64924201
2024-04-01T08:41:00+00:00,9591.22923928
2024-04-01T08:42:00+00:00,9589.29581307
2024-04-01T08:43:00+00:00,9591.22785925
2024-04-01T08:44:00+00:00,9593.96032455
2024-04-01T08:45:00+00:00,9597.43800767
2024-04-01T08:46:00+00:00,9600.63692413
2024-04-01T08:47:00+00:00,9592.88527886
2024-04-01T08:48:00+00:00,9587.40654791
2024-04-01T08:49:00+00:00,9585.70910734
2024-04-01T08:50:00+00:00,9585.08119233
2024-04-01T08:51:00+00:00,9578.61573780
2024-04-01T08:52:00+00:00,9575.49824329
2024-04-01T08:53:00+00:00,9553.94962884
2024-04-01T08:54:00+00:00,9557.11048381
2024-04-01T08:55:00+00:00,9561.07586709
2024-04-01T08:56:00+00:00,9560.19011277
2024-04-01T08:57:00+00:00,9560.17083087
2024-04-01T08:58:00+00:00,9562.40201339
2024-04-01T08:59:00+00:00,9563.63111461
2024-04-01T09:00:00+00:00,9554.62549558
2024-04-01T09:01:00+00:00,9554.07247335
2024-04-01T09:02:00+00:00,9553.79736977
2024-04-01T09:03:00+00:00,9555.44927167
2024-04-01T09:04:00+00:00,9556.31334594
2024-04-01T09:05:00+00:00,9547.37212283
2024-04-01T09:06:00+00:00,9549.83112464
2024-04-01T09:07:00+00:00,9556.02467532
2024-04-01T09:08:00+00:00,9556.02467532
2024-04-01T09:09:00+00:00,9560.40799382
2024-04-01T09:10:00+00:00,9563.33707870
2024-04-01T09:11:00+00:00,9563.33432968
2024-04-01T09:12:00+00:00,9562.20585540
2024-04-01T09:13:00+00:00,9562.20585540
2024-04-01T09:14:00+00:00,9564.67997684
2024-04-01T09:15:00+00:00,9563.30546493
2024-04-01T09:16:00+00:00,9562.03541592
2024-04-01T09:17:00+00:00,9562.20448089
2024-04-01T09:18:00+00:00,9560.51658026
2024-04-01T09:19:00+00:00,9556.99645525
2024-04-01T09:20:00+00:00,9552.90728230
2024-04-01T09:21:00+00:00,9553.97115452
2024-04-01T09:22:00+00:00,9551.47916442
2024-04-01T09:23:00+00:00,9540.01876229
2024-04-01T09:24:00+00:00,9537.67253960
2024-04-01T09:25:00+00:00,9534.32440139
2024-04-01T09:26:00+00:00,9532.95180543
2024-04-01T09:27:00+00:00,9532.95180543
2024-04-01T09:28:00+00:00,9531.80030825
2024-04-01T09:29:00+00:00,9541.41024618
2024-04-01T09:30:00+00:00,9544.52206491
2024-04-01T09:31:00+00:00,9543.71680648
2024-04-01T09:32:00+00:00,9544.71427915
2024-04-01T09:33:00+00:00,9548.28174523
2024-04-01T09:34:00+00:00,9543.57428445
2024-04-01T09:35:00+00:00,9547.96935471
2024-04-01T09:36:00+00:00,9537.79320914
2024-04-01T09:37:00+00:00,9539.70883758
2024-04-01T09:38:00+00:00,9540.00810318
2024-04-01T09:39:00+00:00,9541.61435421
2024-04-01T09:40:00+00:00,9542.20351128
2024-04-01T09:41:00+00:00,9542.58671669
2024-04-01T09:42:00+00:00,9538.88347376
2024-04-01T09:43:00+00:00,9543.27423151
2024-04-01T09:44:00+00:00,9548.36967375
2024-04-01T09:45:00+00:00,9544.93836841
2024-04-01T09:46:00+00:00,9535.02427934
2024-04-01T09:47:00+00:00,9536.12142549
2024-04-01T09:48:00+00:00,9523.58062789
2024-04-01T09:49:00+00:00,9524.13003888
2024-04-01T09:50:00+00:00,9522.62977694
2024-04-01T09:51:00+00:00,9520.93770068
2024-04-01T09:52:00+00:00,9514.15432452
2024-04-01T09:53:00+00:00,9510.14951569
2024-04-01T09:54:00+00:00,9496.11947590
2024-04-01T09:55:00+00:00,9500.77514040
2024-04-01T09:56:00+00:00,9500.15085553
2024-04-01T09:57:00+00:00,9500.14811779
2024-04-01T09:58:00+00:00,9498.31931405
2024-04-01T09:59:00+00:00,9501.05599037
2024-04-01T10:00:00+00:00,9501.80764102
2024-04-01T10:01:00+00:00,9502.55941062
2024-04-01T10:02:00+00:00,9497.86592773
2024-04-01T10:03:00+00:00,9493.52734018
2024-04-01T10:04:00+00:00,9500.36076612
2024-04-01T10:05:00+00:00,9506.11026316
2024-04-01T10:06:00+00:00,9501.98342936
2024-04-01T10:07:00+00:00,9499.43224407
2024-04-01T10:08:00+00:00,9497.23006827
2024-04-01T10:09:00+00:00,9495.85383339
2024-04-01T10:10:00+00:00,9497.22693421
2024-04-01T10:11:00+00:00,9487.90033403
2024-04-01T10:12:00+00:00,9492.93272723
2024-04-01T10:13:00+00:00,9492.13065968
2024-04-01T10:14:00+00:00,9492.12929329
2024-04-01T10:15:00+00:00,9489.28038213
2024-04-01T10:16:00+00:00,9492.05960770
2024-04-01T10:17:00+00:00,9490.71781836
2024-04-01T10:18:00+00:00,9487.08186987
2024-04-01T10:19:00+00:00,9487.08050348
2024-04-01T10:20:00+00:00,9484.62101183
2024-04-01T10:21:00+00:00,9476.32296027
2024-04-01T10:22:00+00:00,9471.54172434
2024-04-01T10:23:00+00:00,9466.49333243
2024-04-01T10:24:00+00:00,9466.49742800
2024-04-01T10:25:00+00:00,9469.99368350
2024-04-01T10:26:00+00:00,9465.78168794
2024-04-01T10:27:00+00:00,9467.29955188
2024-04-01T10:28:00+00:00,9468.84384572
2024-04-01T10:29:00+00:00,9468.49554915
2024-04-01T10:30:00+00:00,9471.67232651
2024-04-01T10:31:00+00:00,9464.01752275
2024-04-01T10:32:00+00:00,9464.02161618
2024-04-01T10:33:00+00:00,9464.15124169
2024-04-01T10:34:00+00:00,9465.37930653
2024-04-01T10:35:00+00:00,9467.83607370
2024-04-01T10:36:00+00:00,9467.29120754
2024-04-01T10:37:00+00:00,9457.67726999
2024-04-01T10:38:00+00:00,9453.62991166
2024-04-01T10:39:00+00:00,9454.98412324
2024-04-01T10:40:00+00:00,9452.26072890
2024-04-01T10:41:00+00:00,9449.80137179
2024-04-01T10:42:00+00:00,9451.44411890
2024-04-01T10:43:00+00:00,9451.44275789
2024-04-01T10:44:00+00:00,9448.72208558
2024-04-01T10:45:00+00:00,9457.14677872
2024-04-01T10:46:00+00:00,9461.08964400
2024-04-01T10:47:00+00:00,9463.45509096
2024-04-01T10:48:00+00:00,9464.51123989
2024-04-01T10:49:00+00:00,9465.46939562
2024-04-01T10:50:00+00:00,9461.24616091
2024-04-01T10:51:00+00:00,9462.15804208
2024-04-01T10:52:00+00:00,9465.07742282
2024-04-01T10:53:00+00:00,9466.96651395
2024-04-01T10:54:00+00:00,9469.56333375
2024-04-01T10:55:00+00:00,9466.01924635
2024-04-01T10:56:00+00:00,9467.39387318
2024-04-01T10:57:00+00:00,9466.14445989
2024-04-01T10:58:00+00:00,9466.14309887
2024-04-01T10:59:00+00:00,9466.41666322
2024-04-01T11:00:00+00:00,9467.09036647
2024-04-01T11:01:00+00:00,9468.88010338
2024-04-01T11:02:00+00:00,9478.84274536
2024-04-01T11:03:00+00:00,9484.65428651
2024-04-01T11:04:00+00:00,9487.28513172
2024-04-01T11:05:00+00:00,9480.14659932
2024-04-01T11:06:00+00:00,9483.08503430
2024-04-01T11:07:00+00:00,9482.62228863
2024-04-01T11:08:00+00:00,9475.94377986
2024-04-01T11:09:00+00:00,9475.28232577
2024-04-01T11:10:00+00:00,9479.05098091
2024-04-01T11:11:00+00:00,9482.05338367
2024-04-01T11:12:00+00:00,9494.18004214
2024-04-01T11:13:00+00:00,9493.77445917
2024-04-01T11:14:00+00:00,9489.55258548
2024-04-01T11:15:00+00:00,9487.61449776
2024-04-01T11:16:00+00:00,9489.11433812
2024-04-01T11:17:00+00:00,9486.31880989
2024-04-01T11:18:00+00:00,9485.42870499
2024-04-01T11:19:00+00:00,9480.90876865
2024-04-01T11:20:00+00:00,9475.50417148
2024-04-01T11:21:00+00:00,9476.88968645
2024-04-01T11:22:00+00:00,9465.28224549
2024-04-01T11:23:00+00:00,9462.90480198
2024-04-01T11:24:00+00:00,9468.36243161
2024-04-01T11:25:00+00:00,9472.09482391
2024-04-01T11:26:00+00:00,9470.45584993
2024-04-01T11:27:00+00:00,9471.99900060
2024-04-01T11:28:00+00:00,9468.02960550
2024-04-01T11:29:00+00:00,9471.34146404
2024-04-01T11:30:00+00:00,9475.28853231
2024-04-01T11:31:00+00:00,9485.63438743
2024-04-01T11:32:00+00:00,9485.20162827
2024-04-01T11:33:00+00:00,9483.72464818
2024-04-01T11:34:00+00:00,9482.24130489
2024-04-01T11:35:00+00:00,9485.30664978
2024-04-01T11:36:00+00:00,9485.78715679
2024-04-01T11:37:00+00:00,9484.15026396
2024-04-01T11:38:00+00:00,9488.78902865
2024-04-01T11:39:00+00:00,9487.42294903
2024-04-01T11:40:00+00:00,9487.12932647
2024-04-01T11:41:00+00:00,9491.01309800
2024-04-01T11:42:00+00:00,9491.52015125
2024-04-01T11:43:00+00:00,9484.68445247
2024-04-01T11:44:00+00:00,9481.82498909
2024-04-01T11:45:00+00:00,9475.94172821
2024-04-01T11:46:00+00:00,9480.58609712
2024-04-01T11:47:00+00:00,9483.53037005
2024-04-01T11:48:00+00:00,9469.68595529
2024-04-01T11:49:00+00:00,9466.39584111
2024-04-01T11:50:00+00:00,9469.64097859
2024-04-01T11:51:00+00:00,9473.31407623
2024-04-01T11:52:00+00:00,9462.89219934
2024-04-01T11:53:00+00:00,9464.47025575
2024-04-01T11:54:00+00:00,9464.20874764
2024-04-01T11:55:00+00:00,9450.30111249
2024-04-01T11:56:00+00:00,9451.44649504
2024-04-01T11:57:00+00:00,9455.36283276
2024-04-01T11:58:00+00:00,9450.66839668
2024-04-01T11:59:00+00:00,9441.26643017
2024-04-01T12:00:00+00:00,9445.61870929
2024-04-01T12:01:00+00:00,9440.21619772
2024-04-01T12:02:00+00:00,9435.19628794
2024-04-01T12:03:00+00:00,9440.58552948
2024-04-01T12:04:00+00:00,9440.74997371
2024-04-01T12:05:00+00:00,9441.72036437
2024-04-01T12:06:00+00:00,9437.17870925
2024-04-01T12:07:00+00:00,9434.56172215
2024-04-01T12:08:00+00:00,9426.19254958
2024-04-01T12:09:00+00:00,9416.10854169
2024-04-01T12:10:00+00:00,9412.99870878
2024-04-01T12:11:00+00:00,9412.59001881
2024-04-01T12:12:00+00:00,9415.83382625
2024-04-01T12:13:00+00:00,9418.41452746
2024-04-01T12:14:00+00:00,9419.09928614
2024-04-01T12:15:00+00:00,9428.14324323
2024-04-01T12:16:00+00:00,9428.50998157
2024-04-01T12:17:00+00:00,9431.52779158
2024-04-01T12:18:00+00:00,9435.06661363
2024-04-01T12:19:00+00:00,9432.43178131
2024-04-01T12:20:00+00:00,9426.97671756
2024-04-01T12:21:00+00:00,9429.30435578
2024-04-01T12:22:00+00:00,9430.67657970
2024-04-01T12:23:00+00:00,9433.37366282
2024-04-01T12:24:00+00:00,9434.05300839
2024-04-01T12:25:00+00:00,9436.72708578
2024-04-01T12:26:00+00:00,9437.76099019
2024-04-01T12:27:00+00:00,9436.81775541
2024-04-01T12:28:00+00:00,9435.61739779
2024-04-01T12:29:00+00:00,9436.63506287
2024-04-01T12:30:00+00:00,9439.18734524
2024-04-01T12:31:00+00:00,9431.62387432
2024-04-01T12:32:00+00:00,9430.71311821
2024-04-01T12:33:00+00:00,9430.71311821
2024-04-01T12:34:00+00:00,9434.51312292
2024-04-01T12:35:00+00:00,9433.90685436
2024-04-01T12:36:00+00:00,9426.03018078
2024-04-01T12:37:00+00:00,9425.09685743
2024-04-01T12:38:00+00:00,9425.81767314
2024-04-01T12:39:00+00:00,9423.65895296
2024-04-01T12:40:00+00:00,9424.14160345
2024-04-01T12:41:00+00:00,9413.32750237
2024-04-01T12:42:00+00:00,9414.94360578
2024-04-01T12:43:00+00:00,9402.51887495
2024-04-01T12:44:00+00:00,9399.50374547
2024-04-01T12:45:00+00:00,9393.04621961
2024-04-01T12:46:00+00:00,9396.63553110
2024-04-01T12:47:00+00:00,9403.10653541
2024-04-01T12:48:00+00:00,9410.77307833
2024-04-01T12:49:00+00:00,9405.52052598
2024-04-01T12:50:00+00:00,9403.10249188
2024-04-01T12:51:00+00:00,9404.18481149
2024-04-01T12:52:00+00:00,9401.09959406
2024-04-01T12:53:00+00:00,9401.49046914
2024-04-01T12:54:00+00:00,9403.35723460
2024-04-01T12:55:00+00:00,9408.34021792
2024-04-01T12:56:00+00:00,9407.69055659
2024-04-01T12:57:00+00:00,9407.69055659
2024-04-01T12:58:00+00:00,9409.58697464
2024-04-01T12:59:00+00:00,9413.50246465
2024-04-01T13:00:00+00:00,9405.43426390
2024-04-01T13:01:00+00:00,9403.20223241
2024-04-01T13:02:00+00:00,9412.10744497
2024-04-01T13:03:00+00:00,9413.89333973
2024-04-01T13:04:00+00:00,9411.10060468
2024-04-01T13:05:00+00:00,9414.02273285
2024-04-01T13:06:00+00:00,9419.66481243
2024-04-01T13:07:00+00:00,9419.23619769
2024-04-01T13:08:00+00:00,9417.66595815
2024-04-01T13:09:00+00:00,9417.05134079
2024-04-01T13:10:00+00:00,9421.27144379
2024-04-01T13:11:00+00:00,9410.51833560
2024-04-01T13:12:00+00:00,9409.36053666
2024-04-01T13:13:00+00:00,9409.05053229
2024-04-01T13:14:00+00:00,9408.71222317
2024-04-01T13:15:00+00:00,9402.75148390
2024-04-01T13:16:00+00:00,9417.09968966
2024-04-01T13:17:00+00:00,9410.81752612
2024-04-01T13:18:00+00:00,9405.42803623
2024-04-01T13:19:00+00:00,9410.23553553
2024-04-01T13:20:00+00:00,9409.73337034
2024-04-01T13:21:00+00:00,9407.57375055
2024-04-01T13:22:00+00:00,9402.98531540
2024-04-01T13:23:00+00:00,9409.14758286
2024-04-01T13:24:00+00:00,9408.64823260
2024-04-01T13:25:00+00:00,9387.86397213
2024-04-01T13:26:00+00:00,9389.21553630
2024-04-01T13:27:00+00:00,9395.67190827
2024-04-01T13:28:00+00:00,9392.18332934
2024-04-01T13:29:00+00:00,9398.08800756
2024-04-01T13:30:00+00:00,9396.08667198
2024-04-01T13:31:00+00:00,9391.10548060
2024-04-01T13:32:00+00:00,9400.50679141
2024-04-01T13:33:00+00:00,9375.26929199
2024-04-01T13:34:00+00:00,9377.15116489
2024-04-01T13:35:00+00:00,9379.56726418
2024-04-01T13:36:00+00:00,9387.92294091
2024-04-01T13:37:00+00:00,9402.28799351
2024-04-01T13:38:00+00:00,9402.01014209
2024-04-01T13:39:00+00:00,9398.64236812
2024-04-01T13:40:00+00:00,9399.96853818
2024-04-01T13:41:00+00:00,9398.97256836
2024-04-01T13:42:00+00:00,9390.70011283
2024-04-01T13:43:00+00:00,9389.01689698
2024-04-01T13:44:00+00:00,9391.28803032
2024-04-01T13:45:00+00:00,9399.29605721
2024-04-01T13:46:00+00:00,9401.42088231
2024-04-01T13:47:00+00:00,9380.10283286
2024-04-01T13:48:00+00:00,9353.16090961
2024-04-01T13:49:00+00:00,9344.73973769
2024-04-01T13:50:00+00:00,9343.40515618
2024-04-01T13:51:00+00:00,9334.06308561
2024-04-01T13:52:00+00:00,9326.55589752
2024-04-01T13:53:00+00:00,9309.68385649
2024-04-01T13:54:00+00:00,9308.05034399
2024-04-01T13:55:00+00:00,9302.44801655
2024-04-01T13:56:00+00:00,9296.05458148
2024-04-01T13:57:00+00:00,9296.77684534
2024-04-01T13:58:00+00:00,9298.59808453
2024-04-01T13:59:00+00:00,9297.11816370
2024-04-01T14:00:00+00:00,9300.87000589
2024-04-01T14:01:00+00:00,9291.51611497
2024-04-01T14:02:00+00:00,9290.19524880
2024-04-01T14:03:00+00:00,9301.08730419
2024-04-01T14:04:00+00:00,9316.67344977
2024-04-01T14:05:00+00:00,9316.43296070
2024-04-01T14:06:00+00:00,9317.55384911
2024-04-01T14:07:00+00:00,9319.47278010
2024-04-01T14:08:00+00:00,9319.45005359
2024-04-01T14:09:00+00:00,9311.50116174
2024-04-01T14:10:00+00:00,9307.66027392
2024-04-01T14:11:00+00:00,9309.04974742
2024-04-01T14:12:00+00:00,9323.57421472
2024-04-01T14:13:00+00:00,9322.07293958
2024-04-01T14:14:00+00:00,9323.72086777
2024-04-01T14:15:00+00:00,9319.98228050
2024-04-01T14:16:00+00:00,9321.04386200
2024-04-01T14:17:00+00:00,9315.34157634
2024-04-01T14:18:00+00:00,9320.33566061
2024-04-01T14:19:00+00:00,9322.63815834
2024-04-01T14:20:00+00:00,9328.81195535
2024-04-01T14:21:00+00:00,9335.04349781
2024-04-01T14:22:00+00:00,9349.96312590
2024-04-01T14:23:00+00:00,9347.28667638
2024-04-01T14:24:00+00:00,9339.75951989
2024-04-01T14:25:00+00:00,9340.18381035
2024-04-01T14:26:00+00:00,9350.99211479
2024-04-01T14:27:00+00:00,9351.57624611
2024-04-01T14:28:00+00:00,9356.59044197
2024-04-01T14:29:00+00:00,9362.70421798
2024-04-01T14:30:00+00:00,9368.55747836
2024-04-01T14:31:00+00:00,9363.19000528
2024-04-01T14:32:00+00:00,9361.80413009
2024-04-01T14:33:00+00:00,9371.04371112
2024-04-01T14:34:00+00:00,9370.84365857
2024-04-01T14:35:00+00:00,9381.25135327
2024-04-01T14:36:00+00:00,9382.45699570
2024-04-01T14:37:00+00:00,9381.77136436
2024-04-01T14:38:00+00:00,9399.15621726
2024-04-01T14:39:00+00:00,9399.61584148
2024-04-01T14:40:00+00:00,9384.98938593
2024-04-01T14:41:00+00:00,9398.71898658
2024-04-01T14:42:00+00:00,9389.16155218
2024-04-01T14:43:00+00:00,9405.31199637
2024-04-01T14:44:00+00:00,9410.18526440
2024-04-01T14:45:00+00:00,9401.76303927
2024-04-01T14:46:00+00:00,9406.93196804
2024-04-01T14:47:00+00:00,9396.85379487
2024-04-01T14:48:00+00:00,9393.79970865
2024-04-01T14:49:00+00:00,9407.71957405
2024-04-01T14:50:00+00:00,9409.25083540
2024-04-01T14:51:00+00:00,9409.32169974
2024-04-01T14:52:00+00:00,9443.93944981
2024-04-01T14:53:00+00:00,9466.42828538
2024-04-01T14:54:00+00:00,9438.06475495
2024-04-01T14:55:00+00:00,9436.67986964
2024-04-01T14:56:00+00:00,9420.40196107
2024-04-01T14:57:00+00:00,9420.52217350
2024-04-01T14:58:00+00:00,9425.98651430
2024-04-01T14:59:00+00:00,9427.89031220
2024-04-01T15:00:00+00:00,9435.28692836
2024-04-01T15:01:00+00:00,9416.52105366
2024-04-01T15:02:00+00:00,9430.30004001
2024-04-01T15:03:00+00:00,9441.81412863
2024-04-01T15:04:00+00:00,9426.98390823
2024-04-01T15:05:00+00:00,9438.39281980
2024-04-01T15:06:00+00:00,9458.21481931
2024-04-01T15:07:00+00:00,9456.01289698
2024-04-01T15:08:00+00:00,9463.59284793
2024-04-01T15:09:00+00:00,9478.64058939
2024-04-01T15:10:00+00:00,9481.37620444
2024-04-01T15:11:00+00:00,9481.92973215
2024-04-01T15:12:00+00:00,9506.15493329
2024-04-01T15:13:00+00:00,9492.81595543
2024-04-01T15:14:00+00:00,9487.57660534
2024-04-01T15:15:00+00:00,9486.27687315
2024-04-01T15:16:00+00:00,9485.51913462
2024-04-01T15:17:00+00:00,9486.83215360
2024-04-01T15:18:00+00:00,9493.58886940
2024-04-01T15:19:00+00:00,9481.54901681
2024-04-01T15:20:00+00:00,9473.10870280
2024-04-01T15:21:00+00:00,9476.83578278
2024-04-01T15:22:00+00:00,9462.73693858
2024-04-01T15:23:00+00:00,9449.82267853
2024-04-01T15:24:00+00:00,9432.48426980
2024-04-01T15:25:00+00:00,9435.23438170
2024-04-01T15:26:00+00:00,9430.17626276
2024-04-01T15:27:00+00:00,9436.05543358
2024-04-01T15:28:00+00:00,9445.47830825
2024-04-01T15:29:00+00:00,9448.41240167
2024-04-01T15:30:00+00:00,9440.17304995
2024-04-01T15:31:00+00:00,9435.56252785
2024-04-01T15:32:00+00:00,9435.50760800
2024-04-01T15:33:00+00:00,9428.88839209
2024-04-01T15:34:00+00:00,9423.14926691
2024-04-01T15:35:00+00:00,9431.88152436
2024-04-01T15:36:00+00:00,9431.87877837
2024-04-01T15:37:00+00:00,9430.56619376
2024-04-01T15:38:00+00:00,9426.99228398
2024-04-01T15:39:00+00:00,9424.65262883
2024-04-01T15:40:00+00:00,9419.23233681
2024-04-01T15:41:00+00:00,9427.74387197
2024-04-01T15:42:00+00:00,9422.24302487
2024-04-01T15:43:00+00:00,9416.67718347
2024-04-01T15:44:00+00:00,9420.41079610
2024-04-01T15:45:00+00:00,9431.52854654
2024-04-01T15:46:00+00:00,9427.16808108
2024-04-01T15:47:00+00:00,9416.17182781
2024-04-01T15:48:00+00:00,9404.10262598
2024-04-01T15:49:00+00:00,9410.12588093
2024-04-01T15:50:00+00:00,9418.09778145
2024-04-01T15:51:00+00:00,9399.12171976
2024-04-01T15:52:00+00:00,9395.87930927
2024-04-01T15:53:00+00:00,9377.22517084
2024-04-01T15:54:00+00:00,9368.31447317
2024-04-01T15:55:00+00:00,9368.72257190
2024-04-01T15:56:00+00:00,9376.47712336
2024-04-01T15:57:00+00:00,9382.62299901
2024-04-01T15:58:00+00:00,9387.75906437
2024-04-01T15:59:00+00:00,9391.87626794
2024-04-01T16:00:00+00:00,9380.12216869
2024-04-01T16:01:00+00:00,9374.98333865
2024-04-01T16:02:00+00:00,9367.30067744
2024-04-01T16:03:00+00:00,9364.59793955
2024-04-01T16:04:00+00:00,9373.06409589
2024-04-01T16:05:00+00:00,9380.29398358
2024-04-01T16:06:00+00:00,9382.73787221
2024-04-01T16:07:00+00:00,9372.20718966
2024-04-01T16:08:00+00:00,9366.72339228
2024-04-01T16:09:00+00:00,9362.34394941
2024-04-01T16:10:00+00:00,9357.04948925
2024-04-01T16:11:00+00:00,9341.71240385
2024-04-01T16:12:00+00:00,9338.89872507
2024-04-01T16:13:00+00:00,9331.80721748
2024-04-01T16:14:00+00:00,9331.72125154
2024-04-01T16:15:00+00:00,9334.81056714
2024-04-01T16:16:00+00:00,9316.52438411
2024-04-01T16:17:00+00:00,9318.98055376
2024-04-01T16:18:00+00:00,9297.76137231
2024-04-01T16:19:00+00:00,9282.14353153
2024-04-01T16:20:00+00:00,9279.49642729
2024-04-01T16:21:00+00:00,9266.22239555
2024-04-01T16:22:00+00:00,9252.19553118
2024-04-01T16:23:00+00:00,9257.53003220
2024-04-01T16:24:00+00:00,9250.56981704
2024-04-01T16:25:00+00:00,9257.53138134
2024-04-01T16:26:00+00:00,9266.43435863
2024-04-01T16:27:00+00:00,9270.48447802
2024-04-01T16:28:00+00:00,9266.75815232
2024-04-01T16:29:00+00:00,9262.92659367
2024-04-01T16:30:00+00:00,9259.68865679
2024-04-01T16:31:00+00:00,9258.22618863
2024-04-01T16:32:00+00:00,9254.18011666
2024-04-01T16:33:00+00:00,9263.19777089
2024-04-01T16:34:00+00:00,9253.51633960
2024-04-01T16:35:00+00:00,9249.70636720
2024-04-01T16:36:00+00:00,9254.83444974
2024-04-01T16:37:00+00:00,9249.16671105
2024-04-01T16:38:00+00:00,9242.36360922
2024-04-01T16:39:00+00:00,9241.17398947
